,predicted_data,actual_data
0,0.15965055,1
1,0.15965055,1
2,0.15965055,1
3,0.15965055,1
4,0.15965055,1
5,0.15965055,1
6,0.15965055,1
7,0.15965055,1
8,0.15965055,1
9,0.15965055,1
10,0.15965055,1
11,0.15965055,1
12,0.15965055,1
13,0.15965055,1
14,0.15965055,1
15,0.15965055,1
16,0.15965055,1
17,0.15965055,1
18,0.15965055,1
19,0.15965055,1
20,0.15965055,1
21,0.15965055,1
22,0.15965055,1
23,0.15965055,1
24,0.15965055,1
25,0.15965055,1
26,0.15965055,1
27,0.15965055,1
28,0.15965055,1
29,0.15965055,1
30,0.15965055,1
31,0.15965055,1
32,0.15965055,1
33,0.15965055,1
34,0.15965055,1
35,0.15965055,1
36,0.15965055,1
37,0.15965055,1
38,0.15965055,1
39,0.15965055,1
40,0.15965055,1
41,0.15965055,1
42,0.15965055,1
43,0.15965055,1
44,0.15965055,1
45,0.15965055,1
46,0.15965055,1
47,0.15965055,1
48,0.15965055,1
49,0.15965055,1
50,0.15965055,1
51,0.15965055,1
52,0.15965055,1
53,0.15965055,1
54,0.15965055,1
55,0.15965055,1
56,0.15965055,1
57,0.15965055,1
58,0.15965055,1
59,0.15965055,1
60,0.15965055,1
61,0.15965055,1
62,0.15965055,1
63,0.15965055,1
64,0.15965055,1
65,0.15965055,1
66,0.15965055,1
67,0.15965055,1
68,0.15965055,1
69,0.15965055,1
70,0.15965055,1
71,0.15965055,1
72,0.15965055,1
73,0.15965055,1
74,0.15965055,1
75,0.15965055,1
76,0.15965055,1
77,0.15965055,1
78,0.15965055,1
79,0.15965055,1
80,0.15965055,1
81,0.15965055,1
82,0.15965055,1
83,0.15965055,1
84,0.15965055,1
85,0.15965055,1
86,0.15965055,1
87,0.15965055,1
88,0.15965055,1
89,0.15965055,1
90,0.15965055,1
91,0.15965055,1
92,0.15965055,1
93,0.15965055,1
94,0.15965055,1
95,0.15965055,1
96,0.15965055,1
97,0.15965055,1
98,0.15965055,1
99,0.15965055,1
100,0.15965055,1
101,0.15965055,1
102,0.15965055,1
103,0.15965055,1
104,0.15965055,1
105,0.15965055,1
106,0.15965055,1
107,0.15965055,1
108,0.15965055,1
109,0.15965055,1
110,0.15965055,1
111,0.15965055,1
112,0.15965055,1
113,0.15965055,1
114,0.15965055,1
115,0.15965055,1
116,0.15965055,1
117,0.15965055,1
118,0.15965055,1
119,0.15965055,1
120,0.15965055,1
121,0.15965055,1
122,0.15965055,1
123,0.15965055,1
124,0.15965055,1
125,0.15965055,1
126,0.15965055,1
127,0.15965055,1
128,0.15965055,1
129,0.15965055,1
130,0.15965055,1
131,0.15965055,1
132,0.15965055,1
133,0.15965055,1
134,0.15965055,1
135,0.15965055,1
136,0.15965055,1
137,0.15965055,1
138,0.15965055,1
139,0.15965055,1
140,0.15965055,1
141,0.15965055,1
142,0.15965055,1
143,0.15965055,1
144,0.15965055,1
145,0.15965055,1
146,0.15965055,1
147,0.15965055,1
148,0.15965055,1
149,0.15965055,1
150,0.15965055,1
151,0.15965055,1
152,0.15965055,1
153,0.15965055,1
154,0.15965055,1
155,0.15965055,1
156,0.15965055,1
157,0.15965055,1
158,0.15965055,1
159,0.15965055,1
160,0.15965055,1
161,0.15965055,1
162,0.15965055,1
163,0.15965055,1
164,0.15965055,1
165,0.15965055,1
166,0.15965055,1
167,0.15965055,1
168,0.15965055,1
169,0.15965055,1
170,0.15965055,1
171,0.15965055,1
172,0.15965055,1
173,0.15965055,1
174,0.15965055,1
175,0.15965055,1
176,0.15965055,1
177,0.15965055,1
178,0.15965055,1
179,0.15965055,1
180,0.15965055,1
181,0.15965055,1
182,0.15965055,1
183,0.15965055,1
184,0.15965055,1
185,0.15965055,1
186,0.15965055,1
187,0.15965055,1
188,0.15965055,1
189,0.15965055,1
190,0.15965055,1
191,0.15965055,1
192,0.15965055,1
193,0.15965055,1
194,0.15965055,1
195,0.15965055,1
196,0.15965055,1
197,0.15965055,1
198,0.15965055,1
199,0.15965055,1
200,0.15965055,1
201,0.15965055,1
202,0.15965055,1
203,0.15965055,1
204,0.15965055,1
205,0.15965055,1
206,0.15965055,1
207,0.15965055,1
208,0.15965055,1
209,0.15965055,1
210,0.15965055,1
211,0.15965055,1
212,0.15965055,1
213,0.15965055,1
214,0.15965055,1
215,0.15965055,1
216,0.15965055,1
217,0.15965055,1
218,0.15965055,1
219,0.15965055,1
220,0.15965055,1
221,0.15965055,1
222,0.15965055,1
223,0.15965055,1
224,0.15965055,1
225,0.15965055,1
226,0.15965055,1
227,0.15965055,1
228,0.15965055,1
229,0.15965055,1
230,0.15965055,1
231,0.15965055,1
232,0.15965055,1
233,0.15965055,1
234,0.15965055,1
235,0.15965055,1
236,0.15965055,1
237,0.15965055,1
238,0.15965055,1
239,0.15965055,1
240,0.15965055,1
241,0.15965055,1
242,0.15965055,1
243,0.15965055,1
244,0.15965055,1
245,0.15965055,1
246,0.15965055,1
247,0.15965055,1
248,0.15965055,1
249,0.15965055,1
250,0.15965055,1
251,0.15965055,1
252,0.15965055,1
253,0.15965055,1
254,0.15965055,1
255,0.15965055,1
256,0.15965055,1
257,0.15965055,1
258,0.15965055,1
259,0.15965055,1
260,0.15965055,1
261,0.15965055,1
262,0.15965055,1
263,0.15965055,1
264,0.15965055,1
265,0.15965055,1
266,0.15965055,1
267,0.15965055,1
268,0.15965055,1
269,0.15965055,1
270,0.15965055,1
271,0.15965055,1
272,0.15965055,1
273,0.15965055,1
274,0.15965055,1
275,0.15965055,1
276,0.15965055,1
277,0.15965055,1
278,0.15965055,1
279,0.15965055,1
280,0.15965055,1
281,0.15965055,1
282,0.15965055,1
283,0.15965055,1
284,0.15965055,1
285,0.15965055,1
286,0.15965055,1
287,0.15965055,1
288,0.15965055,1
289,0.15965055,1
290,0.15965055,1
291,0.15965055,1
292,0.15965055,1
293,0.15965055,1
294,0.15965055,1
295,0.15965055,1
296,0.15965055,1
297,0.15965055,1
298,0.15965055,1
299,0.15965055,1
300,0.15965055,1
301,0.15965055,1
302,0.15965055,1
303,0.15965055,0
304,0.15965055,1
305,0.15965055,0
306,0.15965055,0
307,0.15965055,0
308,0.15965055,0
309,0.15965055,0
310,0.15965055,0
311,0.15965055,0
312,0.15965055,0
313,0.15965055,0
314,0.15965055,0
315,0.15965055,0
316,0.15965055,0
317,0.15965055,0
318,0.15965055,0
319,0.15965055,0
320,0.15965055,0
321,0.15965055,0
322,0.15965055,0
323,0.15965055,0
324,0.15965055,0
325,0.15965055,0
326,0.15965055,0
327,0.15965055,0
328,0.15965055,0
329,0.15965055,0
330,0.15965055,0
331,0.15965055,0
332,0.15965055,0
333,0.15965055,0
334,0.15965055,0
335,0.15965055,0
336,0.15965055,0
337,0.15965055,0
338,0.15965055,0
339,0.15965055,0
340,0.15965055,0
341,0.15965055,0
342,0.15965055,0
343,0.15965055,0
344,0.15965055,0
345,0.15965055,0
346,0.15965055,0
347,0.15965055,0
348,0.15965055,0
349,0.15965055,0
350,0.15965055,0
351,0.15965055,0
352,0.15965055,0
353,0.15965055,0
354,0.15965055,0
355,0.15965055,0
356,0.15965055,0
357,0.15965055,0
358,0.15965055,0
359,0.15965055,0
360,0.15965055,0
361,0.15965055,0
362,0.15965055,0
363,0.15965055,0
364,0.15965055,0
365,0.15965055,0
366,0.15965055,0
367,0.15965055,0
368,0.15965055,0
369,0.15965055,0
370,0.15965055,0
371,0.15965055,0
372,0.15965055,0
373,0.15965055,0
374,0.15965055,0
375,0.15965055,0
376,0.15965055,0
377,0.15965055,0
378,0.15965055,0
379,0.15965055,0
380,0.15965055,0
381,0.15965055,0
382,0.15965055,0
383,0.15965055,0
384,0.15965055,0
385,0.15965055,0
386,0.15965055,0
387,0.15965055,0
388,0.15965055,0
389,0.15965055,0
390,0.15965055,0
391,0.15965055,0
392,0.15965055,0
393,0.15965055,0
394,0.15965055,0
395,0.15965055,0
396,0.15965055,0
397,0.15965055,0
398,0.15965055,0
399,0.15965055,0
400,0.15965055,0
401,0.15965055,0
402,0.15965055,0
403,0.15965055,0
404,0.15965055,0
405,0.15965055,0
406,0.15965055,0
407,0.15965055,0
408,0.15965055,0
409,0.15965055,0
410,0.15965055,0
411,0.15965055,0
412,0.15965055,0
413,0.15965055,0
414,0.15965055,0
415,0.15965055,0
416,0.15965055,0
417,0.15965055,0
418,0.15965055,0
419,0.15965055,0
420,0.15965055,0
421,0.15965055,0
422,0.15965055,0
423,0.15965055,0
424,0.15965055,0
425,0.15965055,0
426,0.15965055,0
427,0.15965055,0
428,0.15965055,0
429,0.15965055,0
430,0.15965055,0
431,0.15965055,0
432,0.15965055,0
433,0.15965055,0
434,0.15965055,0
435,0.15965055,0
436,0.15965055,0
437,0.15965055,0
438,0.15965055,0
439,0.15965055,0
440,0.15965055,0
441,0.15965055,0
442,0.15965055,0
443,0.15965055,0
444,0.15965055,0
445,0.15965055,0
446,0.15965055,0
447,0.15965055,0
448,0.15965055,0
449,0.15965055,0
450,0.15965055,0
451,0.15965055,0
452,0.15965055,0
453,0.15965055,0
454,0.15965055,0
455,0.15965055,0
456,0.15965055,0
457,0.15965055,0
458,0.15965055,0
459,0.15965055,0
460,0.15965055,0
461,0.15965055,0
462,0.15965055,0
463,0.15965055,0
464,0.15965055,0
465,0.15965055,0
466,0.15965055,0
467,0.15965055,0
468,0.15965055,0
469,0.15965055,0
470,0.15965055,0
471,0.15965055,0
472,0.15965055,0
473,0.15965055,0
474,0.15965055,0
475,0.15965055,0
476,0.15965055,0
477,0.15965055,0
478,0.15965055,0
479,0.15965055,0
480,0.15965055,0
481,0.15965055,0
482,0.15965055,0
483,0.15965055,0
484,0.15965055,0
485,0.15965055,0
486,0.15965055,0
487,0.15965055,0
488,0.15965055,0
489,0.15965055,0
490,0.15965055,0
491,0.15965055,0
492,0.15965055,0
493,0.15965055,0
494,0.15965055,0
495,0.15965055,0
496,0.15965055,0
497,0.15965055,0
498,0.15965055,0
499,0.15965055,0
500,0.15965055,0
501,0.15965055,0
502,0.15965055,0
503,0.15965055,0
504,0.15965055,0
505,0.15965055,0
506,0.15965055,0
507,0.15965055,0
508,0.15965055,0
509,0.15965055,0
510,0.15965055,0
511,0.15965055,0
512,0.15965055,0
513,0.15965055,0
514,0.15965055,0
515,0.15965055,0
516,0.15965055,0
517,0.15965055,0
518,0.15965055,0
519,0.15965055,0
520,0.15965055,0
521,0.15965055,0
522,0.15965055,0
523,0.15965055,0
524,0.15965055,0
525,0.15965055,0
526,0.15965055,0
527,0.15965055,0
528,0.15965055,0
529,0.15965055,0
530,0.15965055,0
531,0.15965055,0
532,0.15965055,0
533,0.15965055,0
534,0.15965055,0
535,0.15965055,0
536,0.15965055,0
537,0.15965055,0
538,0.15965055,0
539,0.15965055,0
540,0.15965055,0
541,0.15965055,0
542,0.15965055,0
543,0.15965055,0
544,0.15965055,0
545,0.15965055,0
546,0.15965055,0
547,0.15965055,0
548,0.15965055,0
549,0.15965055,0
550,0.15965055,0
551,0.15965055,0
552,0.15965055,0
553,0.15965055,0
554,0.15965055,0
555,0.15965055,0
556,0.15965055,0
557,0.15965055,0
558,0.15965055,0
559,0.15965055,0
560,0.15965055,0
561,0.15965055,0
562,0.15965055,0
563,0.15965055,0
564,0.15965055,0
565,0.15965055,0
566,0.15965055,0
567,0.15965055,0
568,0.15965055,0
569,0.15965055,0
570,0.15965055,0
571,0.15965055,0
572,0.15965055,0
573,0.15965055,0
574,0.15965055,0
575,0.15965055,0
576,0.15965055,0
577,0.15965055,0
578,0.15965055,0
579,0.15965055,0
580,0.15965055,0
581,0.15965055,0
582,0.15965055,0
583,0.15965055,0
584,0.15965055,0
585,0.15965055,0
586,0.15965055,0
587,0.15965055,0
588,0.15965055,0
589,0.15965055,0
590,0.15965055,0
591,0.15965055,0
592,0.15965055,0
593,0.15965055,0
594,0.15965055,0
595,0.15965055,0
596,0.15965055,0
597,0.15965055,0
598,0.15965055,0
599,0.15965055,0
600,0.15965055,0
601,0.15965055,0
602,0.15965055,0
603,0.15965055,0
604,0.15965055,0
605,0.15965055,0
606,0.15965055,0
607,0.15965055,0
608,0.15965055,0
609,0.15965055,0
610,0.15965055,0
611,0.15965055,0
612,0.15965055,0
613,0.15965055,0
614,0.15965055,0
615,0.15965055,0
616,0.15965055,0
617,0.15965055,0
618,0.15965055,0
619,0.15965055,0
620,0.15965055,0
621,0.15965055,0
622,0.15965055,0
623,0.15965055,0
624,0.15965055,0
625,0.15965055,0
626,0.15965055,0
627,0.15965055,0
628,0.15965055,0
629,0.15965055,0
630,0.15965055,0
631,0.15965055,0
632,0.15965055,0
633,0.15965055,0
634,0.15965055,0
635,0.15965055,0
636,0.15965055,0
637,0.15965055,0
638,0.15965055,0
639,0.15965055,0
640,0.15965055,0
641,0.15965055,0
642,0.15965055,0
643,0.15965055,0
644,0.15965055,0
645,0.15965055,0
646,0.15965055,0
647,0.15965055,0
648,0.15965055,0
649,0.15965055,0
650,0.15965055,0
651,0.15965055,0
652,0.15965055,0
653,0.15965055,0
654,0.15965055,0
655,0.15965055,0
656,0.15965055,0
657,0.15965055,0
658,0.15965055,0
659,0.15965055,0
660,0.15965055,0
661,0.15965055,0
662,0.15965055,0
663,0.15965055,0
664,0.15965055,0
665,0.15965055,0
666,0.15965055,0
667,0.15965055,0
668,0.15965055,0
669,0.15965055,0
670,0.15965055,0
671,0.15965055,0
672,0.15965055,0
673,0.15965055,0
674,0.15965055,0
675,0.15965055,0
676,0.15965055,0
677,0.15965055,0
678,0.15965055,0
679,0.15965055,0
680,0.15965055,0
681,0.15965055,0
682,0.15965055,0
683,0.15965055,0
684,0.15965055,0
685,0.15965055,0
686,0.15965055,0
687,0.15965055,0
688,0.15965055,0
689,0.15965055,0
690,0.15965055,0
691,0.15965055,0
692,0.15965055,0
693,0.15965055,0
694,0.15965055,0
695,0.15965055,0
696,0.15965055,0
697,0.15965055,0
698,0.15965055,0
699,0.15965055,0
700,0.15965055,0
701,0.15965055,0
702,0.15965055,0
703,0.15965055,0
704,0.15965055,0
705,0.15965055,0
706,0.15965055,0
707,0.15965055,0
708,0.15965055,0
709,0.15965055,0
710,0.15965055,0
711,0.15965055,0
712,0.15965055,0
713,0.15965055,0
714,0.15965055,0
715,0.15965055,0
716,0.15965055,0
717,0.15965055,0
718,0.15965055,0
719,0.15965055,0
720,0.15965055,0
721,0.15965055,0
722,0.15965055,0
723,0.15965055,0
724,0.15965055,0
725,0.15965055,0
726,0.15965055,0
727,0.15965055,0
728,0.15965055,0
729,0.15965055,0
730,0.15965055,0
731,0.15965055,0
732,0.15965055,0
733,0.15965055,0
734,0.15965055,0
735,0.15965055,0
736,0.15965055,0
737,0.15965055,0
738,0.15965055,0
739,0.15965055,0
740,0.15965055,0
741,0.15965055,0
742,0.15965055,0
743,0.15965055,0
744,0.15965055,0
745,0.15965055,0
746,0.15965055,0
747,0.15965055,0
748,0.15965055,0
749,0.15965055,0
750,0.15965055,0
751,0.15965055,0
752,0.15965055,0
753,0.15965055,0
754,0.15965055,0
755,0.15965055,0
756,0.15965055,0
757,0.15965055,0
758,0.15965055,0
759,0.15965055,0
760,0.15965055,0
761,0.15965055,0
762,0.15965055,0
763,0.15965055,0
764,0.15965055,0
765,0.15965055,0
766,0.15965055,0
767,0.15965055,0
768,0.15965055,0
769,0.15965055,0
770,0.15965055,0
771,0.15965055,0
772,0.15965055,0
773,0.15965055,0
774,0.15965055,0
775,0.15965055,0
776,0.15965055,0
777,0.15965055,0
778,0.15965055,0
779,0.15965055,0
780,0.15965055,0
781,0.15965055,0
782,0.15965055,0
783,0.15965055,0
784,0.15965055,0
785,0.15965055,0
786,0.15965055,0
787,0.15965055,0
788,0.15965055,0
789,0.15965055,0
790,0.15965055,0
791,0.15965055,0
792,0.15965055,0
793,0.15965055,0
794,0.15965055,0
795,0.15965055,0
796,0.15965055,0
797,0.15965055,0
798,0.15965055,0
799,0.15965055,0
800,0.15965055,0
801,0.15965055,0
802,0.15965055,0
803,0.15965055,0
804,0.15965055,0
805,0.15965055,0
806,0.15965055,0
807,0.15965055,0
808,0.15965055,0
809,0.15965055,0
810,0.15965055,0
811,0.15965055,0
812,0.15965055,0
813,0.15965055,0
814,0.15965055,0
815,0.15965055,0
816,0.15965055,0
817,0.15965055,0
818,0.15965055,0
819,0.15965055,0
820,0.15965055,0
821,0.15965055,0
822,0.15965055,0
823,0.15965055,0
824,0.15965055,0
825,0.15965055,0
826,0.15965055,0
827,0.15965055,0
828,0.15965055,0
829,0.15965055,0
830,0.15965055,0
831,0.15965055,0
832,0.15965055,0
833,0.15965055,0
834,0.15965055,0
835,0.15965055,0
836,0.15965055,0
837,0.15965055,0
838,0.15965055,0
839,0.15965055,0
840,0.15965055,0
841,0.15965055,0
842,0.15965055,0
843,0.15965055,0
844,0.15965055,0
845,0.15965055,0
846,0.15965055,0
847,0.15965055,0
848,0.15965055,0
849,0.15965055,0
850,0.15965055,0
851,0.15965055,0
852,0.15965055,0
853,0.15965055,0
854,0.15965055,0
855,0.15965055,0
856,0.15965055,0
857,0.15965055,0
858,0.15965055,0
859,0.15965055,0
860,0.15965055,0
861,0.15965055,0
862,0.15965055,0
863,0.15965055,0
864,0.15965055,0
865,0.15965055,0
866,0.15965055,0
867,0.15965055,0
868,0.15965055,0
869,0.15965055,0
870,0.15965055,0
871,0.15965055,0
872,0.15965055,0
873,0.15965055,0
874,0.15965055,0
875,0.15965055,0
876,0.15965055,0
877,0.15965055,0
878,0.15965055,0
879,0.15965055,0
880,0.15965055,0
881,0.15965055,0
882,0.15965055,0
883,0.15965055,0
884,0.15965055,0
885,0.15965055,0
886,0.15965055,0
887,0.15965055,0
888,0.15965055,0
889,0.15965055,0
890,0.15965055,0
891,0.15965055,0
892,0.15965055,0
893,0.15965055,0
894,0.15965055,0
895,0.15965055,0
896,0.15965055,0
897,0.15965055,0
898,0.15965055,0
899,0.15965055,0
900,0.15965055,0
901,0.15965055,0
902,0.15965055,0
903,0.15965055,0
904,0.15965055,0
905,0.15965055,0
906,0.15965055,0
907,0.15965055,0
908,0.15965055,0
909,0.15965055,0
910,0.15965055,0
911,0.15965055,0
912,0.15965055,0
913,0.15965055,0
914,0.15965055,0
915,0.15965055,0
916,0.15965055,0
917,0.15965055,0
918,0.15965055,0
919,0.15965055,0
920,0.15965055,0
921,0.15965055,0
922,0.15965055,0
923,0.15965055,0
924,0.15965055,0
925,0.15965055,0
926,0.15965055,0
927,0.15965055,0
928,0.15965055,0
929,0.15965055,0
930,0.15965055,0
931,0.15965055,0
932,0.15965055,0
933,0.15965055,0
934,0.15965055,0
935,0.15965055,0
936,0.15965055,0
937,0.15965055,0
938,0.15965055,0
939,0.15965055,0
940,0.15965055,0
941,0.15965055,0
942,0.15965055,0
943,0.15965055,0
944,0.15965055,0
945,0.15965055,0
946,0.15965055,0
947,0.15965055,0
948,0.15965055,0
949,0.15965055,0
950,0.15965055,0
951,0.15965055,0
952,0.15965055,0
953,0.15965055,0
954,0.15965055,0
955,0.15965055,0
956,0.15965055,0
957,0.15965055,0
958,0.15965055,0
959,0.15965055,0
960,0.15965055,0
961,0.15965055,0
962,0.15965055,0
963,0.15965055,0
964,0.15965055,0
965,0.15965055,0
966,0.15965055,0
967,0.15965055,0
968,0.15965055,0
969,0.15965055,0
970,0.15965055,0
971,0.15965055,0
972,0.15965055,0
973,0.15965055,0
974,0.15965055,0
975,0.15965055,0
976,0.15965055,0
977,0.15965055,0
978,0.15965055,0
979,0.15965055,0
980,0.15965055,0
981,0.15965055,0
982,0.15965055,0
983,0.15965055,0
984,0.15965055,0
985,0.15965055,0
986,0.15965055,0
987,0.15965055,0
988,0.15965055,0
989,0.15965055,0
990,0.15965055,0
991,0.15965055,0
992,0.15965055,0
993,0.15965055,0
994,0.15965055,0
995,0.15965055,0
996,0.15965055,0
997,0.15965055,0
998,0.15965055,0
999,0.15965055,0
1000,0.15965055,0
1001,0.15965055,0
1002,0.15965055,0
1003,0.15965055,0
1004,0.15965055,0
1005,0.15965055,0
1006,0.15965055,0
1007,0.15965055,0
1008,0.15965055,0
1009,0.15965055,0
1010,0.15965055,0
1011,0.15965055,0
1012,0.15965055,0
1013,0.15965055,0
1014,0.15965055,0
1015,0.15965055,0
1016,0.15965055,0
1017,0.15965055,0
1018,0.15965055,0
1019,0.15965055,0
1020,0.15965055,0
1021,0.15965055,0
1022,0.15965055,0
1023,0.15965055,0
1024,0.15965055,0
1025,0.15965055,0
1026,0.15965055,0
1027,0.15965055,0
1028,0.15965055,0
1029,0.15965055,0
1030,0.15965055,0
1031,0.15965055,0
1032,0.15965055,0
1033,0.15965055,0
1034,0.15965055,0
1035,0.15965055,0
1036,0.15965055,0
1037,0.15965055,0
1038,0.15965055,0
1039,0.15965055,0
1040,0.15965055,0
1041,0.15965055,0
1042,0.15965055,0
1043,0.15965055,0
1044,0.15965055,0
1045,0.15965055,0
1046,0.15965055,0
1047,0.15965055,0
1048,0.15965055,0
1049,0.15965055,0
1050,0.15965055,0
1051,0.15965055,0
1052,0.15965055,0
1053,0.15965055,0
1054,0.15965055,0
1055,0.15965055,0
1056,0.15965055,0
1057,0.15965055,0
1058,0.15965055,0
1059,0.15965055,0
1060,0.15965055,0
1061,0.15965055,0
1062,0.15965055,0
1063,0.15965055,0
1064,0.15965055,0
1065,0.15965055,0
1066,0.15965055,0
1067,0.15965055,0
1068,0.15965055,0
1069,0.15965055,0
1070,0.15965055,0
1071,0.15965055,0
1072,0.15965055,0
1073,0.15965055,0
1074,0.15965055,0
1075,0.15965055,0
1076,0.15965055,0
1077,0.15965055,0
1078,0.15965055,0
1079,0.15965055,0
1080,0.15965055,0
1081,0.15965055,0
1082,0.15965055,0
1083,0.15965055,0
1084,0.15965055,0
1085,0.15965055,0
1086,0.15965055,0
1087,0.15965055,0
1088,0.15965055,0
1089,0.15965055,0
1090,0.15965055,0
1091,0.15965055,0
1092,0.15965055,0
1093,0.15965055,0
1094,0.15965055,0
1095,0.15965055,0
1096,0.15965055,0
1097,0.15965055,0
1098,0.15965055,0
1099,0.15965055,0
1100,0.15965055,0
1101,0.15965055,0
1102,0.15965055,0
1103,0.15965055,0
1104,0.15965055,0
1105,0.15965055,0
1106,0.15965055,0
1107,0.15965055,0
1108,0.15965055,0
1109,0.15965055,0
1110,0.15965055,0
1111,0.15965055,0
1112,0.15965055,0
1113,0.15965055,0
1114,0.15965055,0
1115,0.15965055,0
1116,0.15965055,0
1117,0.15965055,0
1118,0.15965055,0
1119,0.15965055,0
1120,0.15965055,0
1121,0.15965055,0
1122,0.15965055,0
1123,0.15965055,0
1124,0.15965055,0
1125,0.15965055,0
1126,0.15965055,0
1127,0.15965055,0
1128,0.15965055,0
1129,0.15965055,0
1130,0.15965055,0
1131,0.15965055,0
1132,0.15965055,0
1133,0.15965055,0
1134,0.15965055,0
1135,0.15965055,0
1136,0.15965055,0
1137,0.15965055,0
1138,0.15965055,0
1139,0.15965055,0
1140,0.15965055,0
1141,0.15965055,0
1142,0.15965055,0
1143,0.15965055,0
1144,0.15965055,0
1145,0.15965055,0
1146,0.15965055,0
1147,0.15965055,0
1148,0.15965055,0
1149,0.15965055,0
1150,0.15965055,0
1151,0.15965055,0
1152,0.15965055,0
1153,0.15965055,0
1154,0.15965055,0
1155,0.15965055,0
1156,0.15965055,0
1157,0.15965055,0
1158,0.15965055,0
1159,0.15965055,0
1160,0.15965055,0
1161,0.15965055,0
1162,0.15965055,0
1163,0.15965055,0
1164,0.15965055,0
1165,0.15965055,0
1166,0.15965055,0
1167,0.15965055,0
1168,0.15965055,0
1169,0.15965055,0
1170,0.15965055,0
1171,0.15965055,0
1172,0.15965055,1
1173,0.15965055,1
1174,0.15965055,1
1175,0.15965055,1
1176,0.15965055,1
1177,0.15965055,1
1178,0.15965055,1
1179,0.15965055,1
1180,0.15965055,1
1181,0.15965055,1
1182,0.15965055,1
1183,0.15965055,1
1184,0.15965055,1
1185,0.15965055,1
1186,0.15965055,1
1187,0.15965055,1
1188,0.15965055,1
1189,0.15965055,1
1190,0.15965055,1
1191,0.15965055,1
1192,0.15965055,1
1193,0.15965055,1
1194,0.15965055,1
1195,1.0,1
1196,1.0,1
1197,1.0,1
1198,1.0,1
1199,0.15965055,1
1200,0.15965055,1
1201,0.15965055,1
1202,0.15965055,1
1203,0.15965055,1
1204,1.0,1
1205,1.0,1
1206,1.0,1
1207,1.0,1
1208,1.0,1
1209,1.0,1
1210,1.0,1
1211,1.0,1
1212,1.0,1
1213,1.0,1
1214,1.0,1
1215,1.0,1
1216,1.0,1
1217,1.0,1
1218,1.0,1
1219,1.0,1
1220,1.0,1
1221,1.0,1
1222,1.0,1
1223,1.0,1
1224,1.0,1
1225,1.0,1
1226,1.0,1
1227,1.0,1
1228,1.0,1
1229,1.0,1
1230,1.0,1
1231,1.0,1
1232,1.0,1
1233,1.0,1
1234,1.0,1
1235,1.0,1
1236,1.0,1
1237,1.0,1
1238,1.0,1
1239,1.0,1
1240,1.0,1
1241,1.0,1
1242,1.0,1
1243,1.0,1
1244,1.0,1
1245,1.0,1
1246,1.0,1
1247,1.0,1
1248,1.0,1
1249,1.0,1
1250,1.0,1
1251,1.0,1
1252,1.0,1
1253,1.0,1
1254,1.0,1
1255,1.0,1
1256,1.0,1
1257,1.0,1
1258,1.0,1
1259,1.0,1
1260,1.0,1
1261,1.0,1
1262,1.0,1
1263,1.0,1
1264,1.0,1
1265,1.0,1
1266,1.0,1
1267,1.0,1
1268,1.0,1
1269,1.0,1
1270,1.0,1
1271,1.0,1
1272,1.0,1
1273,1.0,1
1274,1.0,1
1275,1.0,1
1276,1.0,1
1277,1.0,1
1278,1.0,1
1279,1.0,1
1280,1.0,1
1281,1.0,1
1282,1.0,1
1283,1.0,1
1284,1.0,1
1285,1.0,1
1286,1.0,1
1287,1.0,1
1288,1.0,1
1289,1.0,1
1290,1.0,1
1291,1.0,1
1292,1.0,1
1293,1.0,1
1294,1.0,1
1295,1.0,1
1296,1.0,1
1297,1.0,1
1298,1.0,1
1299,1.0,1
1300,1.0,1
1301,1.0,1
1302,1.0,1
1303,1.0,1
1304,1.0,1
1305,1.0,1
1306,1.0,1
1307,1.0,1
1308,1.0,1
1309,1.0,1
1310,1.0,1
1311,1.0,1
1312,1.0,1
1313,1.0,1
1314,1.0,1
1315,1.0,1
1316,1.0,1
1317,1.0,1
1318,1.0,1
1319,1.0,1
1320,1.0,1
1321,1.0,1
1322,1.0,1
1323,1.0,1
1324,1.0,1
1325,1.0,1
1326,1.0,1
1327,1.0,1
1328,1.0,1
1329,1.0,1
1330,1.0,1
1331,1.0,1
1332,1.0,1
1333,1.0,1
1334,1.0,1
1335,1.0,1
1336,1.0,1
1337,1.0,1
1338,1.0,1
1339,1.0,1
1340,1.0,1
1341,1.0,1
1342,1.0,1
1343,1.0,1
1344,1.0,1
1345,1.0,1
1346,1.0,1
1347,1.0,1
1348,1.0,1
1349,1.0,1
1350,1.0,1
1351,1.0,1
1352,1.0,1
1353,1.0,1
1354,1.0,1
1355,1.0,1
1356,1.0,1
1357,1.0,1
1358,1.0,1
1359,1.0,1
1360,1.0,1
1361,1.0,1
1362,1.0,1
1363,1.0,1
1364,1.0,1
1365,1.0,1
1366,1.0,1
1367,1.0,1
1368,1.0,1
1369,1.0,1
1370,1.0,1
1371,1.0,1
1372,1.0,1
1373,1.0,1
1374,1.0,1
1375,1.0,1
1376,1.0,1
1377,1.0,1
1378,1.0,1
1379,1.0,1
1380,1.0,1
1381,1.0,1
1382,1.0,1
1383,1.0,1
1384,1.0,1
1385,1.0,1
1386,1.0,1
1387,0.15965055,1
1388,0.15965055,1
1389,0.15965055,1
1390,1.0,1
1391,1.0,1
1392,1.0,1
1393,1.0,1
1394,1.0,1
1395,1.0,1
1396,1.0,1
1397,1.0,1
1398,1.0,1
1399,1.0,1
1400,1.0,1
1401,1.0,1
1402,1.0,1
1403,1.0,1
1404,1.0,1
1405,1.0,1
1406,1.0,1
1407,1.0,1
1408,1.0,1
1409,1.0,1
1410,1.0,1
1411,1.0,1
1412,1.0,1
1413,1.0,1
1414,1.0,1
1415,1.0,1
1416,1.0,1
1417,1.0,1
1418,1.0,1
1419,1.0,1
1420,1.0,1
1421,1.0,1
1422,1.0,1
1423,1.0,1
1424,1.0,1
1425,1.0,1
1426,1.0,1
1427,1.0,1
1428,1.0,1
1429,1.0,1
1430,1.0,1
1431,1.0,1
1432,1.0,1
1433,1.0,1
1434,1.0,1
1435,1.0,1
1436,1.0,1
1437,1.0,1
1438,1.0,1
1439,1.0,1
1440,1.0,1
1441,1.0,1
1442,1.0,1
1443,1.0,1
1444,1.0,1
1445,1.0,1
1446,1.0,1
1447,0.15965055,1
1448,1.0,1
1449,1.0,1
1450,1.0,1
1451,1.0,1
1452,1.0,1
1453,1.0,1
1454,1.0,1
1455,1.0,1
1456,1.0,1
1457,1.0,1
1458,1.0,1
1459,1.0,1
1460,1.0,1
1461,1.0,1
1462,1.0,1
1463,1.0,1
1464,1.0,1
1465,1.0,1
1466,1.0,1
1467,1.0,1
1468,1.0,1
1469,1.0,1
1470,0.15965055,1
1471,1.0,1
1472,0.15965055,1
1473,1.0,1
1474,1.0,1
1475,1.0,1
1476,1.0,1
1477,1.0,1
1478,1.0,1
1479,1.0,1
1480,1.0,1
1481,1.0,1
1482,1.0,1
1483,1.0,1
1484,1.0,1
1485,1.0,1
1486,1.0,1
1487,1.0,1
1488,1.0,1
1489,1.0,1
1490,1.0,1
1491,1.0,1
1492,1.0,1
1493,1.0,1
1494,1.0,1
1495,1.0,1
1496,1.0,1
1497,1.0,1
1498,1.0,1
1499,1.0,1
1500,1.0,1
1501,1.0,1
1502,1.0,1
1503,1.0,1
1504,1.0,1
1505,1.0,1
1506,1.0,1
1507,1.0,1
1508,1.0,1
1509,1.0,1
1510,1.0,1
1511,1.0,1
1512,1.0,1
1513,1.0,1
1514,1.0,1
1515,1.0,1
1516,1.0,1
1517,1.0,1
1518,1.0,1
1519,1.0,1
1520,1.0,1
1521,1.0,1
1522,1.0,1
1523,1.0,1
1524,1.0,1
1525,1.0,1
1526,1.0,1
1527,1.0,1
1528,1.0,1
1529,1.0,1
1530,1.0,1
1531,1.0,1
1532,1.0,1
1533,1.0,1
1534,1.0,1
1535,1.0,1
1536,1.0,1
1537,1.0,1
1538,1.0,1
1539,1.0,1
1540,1.0,1
1541,1.0,1
1542,1.0,1
1543,1.0,1
1544,1.0,1
1545,1.0,1
1546,1.0,1
1547,1.0,1
1548,1.0,1
1549,1.0,1
1550,1.0,1
1551,1.0,1
1552,1.0,1
1553,1.0,1
1554,1.0,1
1555,1.0,1
1556,1.0,1
1557,1.0,1
1558,1.0,1
1559,1.0,1
1560,1.0,1
1561,1.0,1
1562,1.0,1
1563,1.0,1
1564,1.0,1
1565,1.0,1
1566,1.0,1
1567,1.0,1
1568,1.0,1
1569,1.0,1
1570,1.0,1
1571,1.0,1
1572,1.0,1
1573,1.0,1
1574,1.0,1
1575,1.0,1
1576,1.0,1
1577,1.0,1
1578,1.0,1
1579,1.0,1
1580,1.0,1
1581,1.0,1
1582,1.0,1
1583,1.0,1
1584,1.0,1
1585,1.0,1
1586,1.0,1
1587,1.0,1
1588,1.0,1
1589,1.0,1
1590,1.0,1
1591,1.0,1
1592,1.0,1
1593,1.0,1
1594,1.0,1
1595,1.0,1
1596,1.0,1
1597,1.0,1
1598,1.0,1
1599,1.0,1
1600,1.0,1
1601,1.0,1
1602,1.0,1
1603,1.0,1
1604,1.0,1
1605,1.0,1
1606,1.0,1
1607,1.0,1
1608,1.0,1
1609,1.0,1
1610,1.0,1
1611,1.0,1
1612,1.0,1
1613,1.0,1
1614,1.0,1
1615,1.0,1
1616,1.0,1
1617,1.0,1
1618,1.0,1
1619,1.0,1
1620,1.0,1
1621,1.0,1
1622,1.0,1
1623,1.0,1
1624,1.0,1
1625,1.0,1
1626,1.0,1
1627,1.0,1
1628,1.0,1
1629,1.0,1
1630,1.0,1
1631,1.0,1
1632,1.0,1
1633,1.0,1
1634,1.0,1
1635,1.0,1
1636,1.0,1
1637,1.0,1
1638,1.0,1
1639,1.0,1
1640,1.0,1
1641,1.0,1
1642,1.0,1
1643,1.0,1
1644,1.0,1
1645,1.0,1
1646,1.0,1
1647,1.0,1
1648,1.0,1
1649,1.0,1
1650,1.0,1
1651,1.0,1
1652,1.0,1
1653,1.0,1
1654,1.0,1
1655,1.0,1
1656,1.0,1
1657,1.0,1
1658,1.0,1
1659,1.0,1
1660,1.0,1
1661,1.0,1
1662,1.0,1
1663,1.0,1
1664,1.0,1
1665,1.0,1
1666,1.0,1
1667,1.0,1
1668,1.0,1
1669,1.0,1
1670,1.0,1
1671,1.0,1
1672,1.0,1
1673,1.0,1
1674,1.0,1
1675,1.0,1
1676,1.0,1
1677,1.0,1
1678,1.0,1
1679,1.0,1
1680,1.0,1
1681,1.0,1
1682,1.0,1
1683,1.0,1
1684,1.0,1
1685,1.0,1
1686,1.0,1
1687,1.0,1
1688,1.0,1
1689,1.0,1
1690,1.0,1
1691,1.0,1
1692,1.0,1
1693,1.0,1
1694,1.0,1
1695,1.0,1
1696,1.0,1
1697,1.0,1
1698,1.0,1
1699,1.0,1
1700,1.0,1
1701,1.0,1
1702,1.0,1
1703,1.0,1
1704,1.0,1
1705,1.0,1
1706,1.0,1
1707,1.0,1
1708,1.0,1
1709,1.0,1
1710,1.0,1
1711,1.0,1
1712,1.0,1
1713,1.0,1
1714,1.0,1
1715,1.0,1
1716,1.0,1
1717,1.0,1
1718,1.0,1
1719,1.0,1
1720,1.0,1
1721,1.0,1
1722,1.0,1
1723,1.0,1
1724,1.0,1
1725,1.0,1
1726,1.0,1
1727,1.0,1
1728,1.0,1
1729,1.0,1
1730,1.0,1
1731,1.0,1
1732,1.0,1
1733,1.0,1
1734,1.0,1
1735,1.0,1
1736,1.0,1
1737,1.0,1
1738,1.0,1
1739,1.0,1
1740,1.0,1
1741,1.0,1
1742,1.0,1
1743,1.0,1
1744,1.0,1
1745,1.0,1
1746,1.0,1
1747,1.0,1
1748,1.0,1
1749,1.0,1
1750,1.0,1
1751,1.0,1
1752,1.0,1
1753,1.0,1
1754,1.0,1
1755,1.0,1
1756,1.0,1
1757,0.15965055,0
1758,0.15965055,0
1759,0.15965055,0
1760,0.15965055,0
1761,0.15965055,0
1762,0.15965055,0
1763,0.15965055,0
1764,0.15965055,0
1765,0.15965055,0
1766,0.15965055,0
1767,0.15965055,0
1768,0.15965055,0
1769,0.15965055,0
1770,0.15965055,0
1771,0.15965055,0
1772,0.15965055,0
1773,0.15965055,0
1774,0.15965055,0
1775,0.15965055,0
1776,0.15965055,0
1777,0.15965055,0
1778,0.15965055,0
1779,0.15965055,0
1780,0.15965055,0
1781,0.15965055,0
1782,0.15965055,0
1783,0.15965055,0
1784,0.15965055,0
1785,0.15965055,0
1786,0.15965055,0
1787,0.15965055,0
1788,0.15965055,0
1789,0.15965055,0
1790,0.15965055,0
1791,0.15965055,0
1792,0.15965055,0
1793,0.15965055,0
1794,0.15965055,0
1795,0.15965055,0
1796,0.15965055,0
1797,0.15965055,0
1798,0.15965055,0
1799,0.15965055,0
1800,0.15965055,0
1801,0.15965055,0
1802,0.15965055,0
1803,0.15965055,0
1804,0.15965055,0
1805,0.15965055,0
1806,0.15965055,0
1807,0.15965055,0
1808,0.15965055,0
1809,0.15965055,0
1810,0.15965055,0
1811,0.15965055,0
1812,0.15965055,0
1813,0.15965055,0
1814,0.15965055,0
1815,0.15965055,0
1816,0.15965055,0
1817,0.15965055,0
1818,0.15965055,0
1819,0.15965055,0
1820,0.15965055,0
1821,0.15965055,0
1822,0.15965055,0
1823,0.15965055,0
1824,0.15965055,0
1825,0.15965055,0
1826,0.15965055,0
1827,0.15965055,0
1828,0.15965055,0
1829,0.15965055,0
1830,0.15965055,0
1831,0.15965055,0
1832,0.15965055,0
1833,0.15965055,0
1834,0.15965055,0
1835,0.15965055,0
1836,0.15965055,0
1837,0.15965055,0
1838,0.15965055,0
1839,0.15965055,0
1840,0.15965055,0
1841,0.15965055,0
1842,0.15965055,0
1843,0.15965055,0
1844,0.15965055,0
1845,0.15965055,0
1846,0.15965055,0
1847,0.15965055,0
1848,0.15965055,0
1849,0.15965055,0
1850,0.15965055,0
1851,0.15965055,0
1852,0.15965055,0
1853,0.15965055,0
1854,0.15965055,0
1855,0.15965055,0
1856,0.15965055,0
1857,0.15965055,0
1858,0.15965055,0
1859,0.15965055,0
1860,0.15965055,0
1861,0.15965055,0
1862,0.15965055,0
1863,0.15965055,0
1864,0.15965055,0
1865,0.15965055,0
1866,0.15965055,0
1867,0.15965055,0
1868,0.15965055,0
1869,0.15965055,0
1870,0.15965055,0
1871,0.15965055,0
1872,0.15965055,0
1873,0.15965055,0
1874,0.15965055,0
1875,0.15965055,0
1876,0.15965055,0
1877,0.15965055,0
1878,0.15965055,0
1879,0.15965055,0
1880,0.15965055,0
1881,0.15965055,0
1882,0.15965055,0
1883,0.15965055,0
1884,0.15965055,0
1885,0.15965055,0
1886,0.15965055,0
1887,0.15965055,0
1888,0.15965055,0
1889,0.15965055,0
1890,0.15965055,0
1891,0.15965055,0
1892,0.15965055,0
1893,0.15965055,0
1894,0.15965055,0
1895,0.15965055,0
1896,0.15965055,0
1897,0.15965055,0
1898,0.15965055,0
1899,0.15965055,0
1900,0.15965055,0
1901,0.15965055,0
1902,0.15965055,0
1903,0.15965055,0
1904,0.15965055,0
1905,0.15965055,0
1906,0.15965055,0
1907,0.15965055,0
1908,0.15965055,0
1909,0.15965055,0
1910,0.15965055,0
1911,0.15965055,0
1912,0.15965055,0
1913,0.15965055,0
1914,0.15965055,0
1915,0.15965055,0
1916,0.15965055,0
1917,0.15965055,0
1918,0.15965055,0
1919,0.15965055,0
1920,0.15965055,0
1921,0.15965055,0
1922,0.15965055,0
1923,0.15965055,0
1924,0.15965055,0
1925,0.15965055,0
1926,0.15965055,0
1927,0.15965055,0
1928,0.15965055,0
1929,0.15965055,0
1930,0.15965055,0
1931,0.15965055,0
1932,0.15965055,0
1933,0.15965055,0
1934,0.15965055,0
1935,0.15965055,0
1936,0.15965055,0
1937,0.15965055,0
1938,0.15965055,0
1939,0.15965055,0
1940,0.15965055,0
1941,0.15965055,0
1942,0.15965055,0
1943,0.15965055,0
1944,0.15965055,0
1945,0.15965055,0
1946,0.15965055,0
1947,0.15965055,0
1948,0.15965055,0
1949,0.15965055,0
1950,0.15965055,0
1951,0.15965055,0
1952,0.15965055,0
1953,0.15965055,0
1954,0.15965055,0
1955,0.15965055,0
1956,0.15965055,0
1957,0.15965055,0
1958,0.15965055,0
1959,0.15965055,0
1960,0.15965055,0
1961,0.15965055,0
1962,0.15965055,0
1963,0.15965055,0
1964,0.15965055,0
1965,0.15965055,0
1966,0.15965055,0
1967,0.15965055,0
1968,0.15965055,0
1969,0.15965055,0
1970,0.15965055,0
1971,0.15965055,0
1972,0.15965055,0
1973,0.15965055,0
1974,0.15965055,0
1975,0.15965055,0
1976,0.15965055,0
1977,0.15965055,0
1978,0.15965055,0
1979,0.15965055,0
1980,0.15965055,0
1981,0.15965055,0
1982,0.15965055,0
1983,0.15965055,0
1984,0.15965055,0
1985,0.15965055,0
1986,0.15965055,0
1987,0.15965055,0
1988,0.15965055,0
1989,0.15965055,0
1990,0.15965055,0
1991,0.15965055,0
1992,0.15965055,0
1993,0.15965055,0
1994,0.15965055,0
1995,0.15965055,0
1996,0.15965055,0
1997,0.15965055,0
1998,0.15965055,0
1999,0.15965055,0
2000,0.15965055,0
2001,0.15965055,0
2002,0.15965055,0
2003,0.15965055,0
2004,0.15965055,0
2005,0.15965055,0
2006,0.15965055,0
2007,0.15965055,0
2008,0.15965055,0
2009,0.15965055,0
2010,0.15965055,0
2011,0.15965055,0
2012,0.15965055,0
2013,0.15965055,0
2014,0.15965055,0
2015,0.15965055,0
2016,0.15965055,0
2017,0.15965055,0
2018,0.15965055,0
2019,0.15965055,0
2020,0.15965055,0
2021,0.15965055,0
2022,0.15965055,0
2023,0.15965055,0
2024,0.15965055,0
2025,0.15965055,0
2026,0.15965055,0
2027,0.15965055,0
2028,0.15965055,0
2029,0.15965055,0
2030,0.15965055,0
2031,0.15965055,0
2032,0.15965055,0
2033,0.15965055,0
2034,0.15965055,0
2035,0.15965055,0
2036,0.15965055,0
2037,0.15965055,0
2038,0.15965055,0
2039,0.15965055,0
2040,0.15965055,0
2041,0.15965055,0
2042,0.15965055,0
2043,0.15965055,0
2044,0.15965055,0
2045,0.15965055,0
2046,0.15965055,0
2047,0.15965055,0
2048,0.15965055,0
2049,0.15965055,0
2050,0.15965055,0
2051,0.15965055,0
2052,0.15965055,0
2053,0.15965055,0
2054,0.15965055,0
2055,0.15965055,0
2056,0.15965055,0
2057,0.15965055,0
2058,0.15965055,0
2059,0.15965055,0
2060,0.15965055,0
2061,0.15965055,0
2062,0.15965055,0
2063,0.15965055,0
2064,0.15965055,0
2065,0.15965055,0
2066,0.15965055,0
2067,0.15965055,0
2068,0.15965055,0
2069,0.15965055,0
2070,0.15965055,0
2071,0.15965055,0
2072,0.15965055,0
2073,0.15965055,0
2074,0.15965055,0
2075,0.15965055,0
2076,0.15965055,0
2077,0.15965055,0
2078,0.15965055,0
2079,0.15965055,0
2080,0.15965055,0
2081,0.15965055,0
2082,0.15965055,0
2083,0.15965055,0
2084,0.15965055,0
2085,0.15965055,0
2086,0.15965055,0
2087,0.15965055,0
2088,0.15965055,0
2089,0.15965055,0
2090,0.15965055,0
2091,0.15965055,0
2092,0.15965055,0
2093,0.15965055,0
2094,0.15965055,0
2095,0.15965055,0
2096,0.15965055,0
2097,0.15965055,0
2098,0.15965055,0
2099,0.15965055,0
2100,0.15965055,0
2101,0.15965055,0
2102,0.15965055,0
2103,0.15965055,0
2104,0.15965055,0
2105,0.15965055,0
2106,0.15965055,0
2107,0.15965055,0
2108,0.15965055,0
2109,0.15965055,0
2110,0.15965055,0
2111,0.15965055,0
2112,0.15965055,0
2113,0.15965055,0
2114,0.15965055,0
2115,0.15965055,0
2116,0.15965055,0
2117,0.15965055,0
2118,0.15965055,0
2119,0.15965055,0
2120,0.15965055,0
2121,0.15965055,0
2122,0.15965055,0
2123,0.15965055,0
2124,0.15965055,0
2125,0.15965055,0
2126,0.15965055,0
2127,0.15965055,0
2128,0.15965055,0
2129,0.15965055,0
2130,0.15965055,0
2131,0.15965055,0
2132,0.15965055,0
2133,0.15965055,0
2134,0.15965055,0
2135,0.15965055,0
2136,0.15965055,0
2137,0.15965055,0
2138,0.15965055,0
2139,0.15965055,0
2140,0.15965055,0
2141,0.15965055,0
2142,0.15965055,0
2143,0.15965055,0
2144,0.15965055,0
2145,0.15965055,0
2146,0.15965055,0
2147,0.15965055,0
2148,0.15965055,0
2149,0.15965055,0
2150,0.15965055,0
2151,0.15965055,0
2152,0.15965055,0
2153,0.15965055,0
2154,0.15965055,0
2155,0.15965055,0
2156,0.15965055,0
2157,0.15965055,0
2158,0.15965055,0
2159,0.15965055,0
2160,0.15965055,0
2161,0.15965055,0
2162,0.15965055,0
2163,0.15965055,0
2164,0.15965055,0
2165,0.15965055,0
2166,0.15965055,0
2167,0.15965055,0
2168,0.15965055,0
2169,0.15965055,0
2170,0.15965055,0
2171,0.15965055,0
2172,0.15965055,0
2173,0.15965055,0
2174,0.15965055,0
2175,0.15965055,0
2176,0.15965055,0
2177,0.15965055,0
2178,0.15965055,0
2179,0.15965055,0
2180,0.15965055,0
2181,0.15965055,0
2182,0.15965055,0
2183,0.15965055,0
2184,0.15965055,0
2185,0.15965055,0
2186,0.15965055,0
2187,0.15965055,0
2188,0.15965055,0
2189,0.15965055,0
2190,0.15965055,0
2191,0.15965055,0
2192,0.15965055,0
2193,0.15965055,0
2194,0.15965055,0
2195,0.15965055,0
2196,0.15965055,0
2197,0.15965055,0
2198,0.15965055,0
2199,0.15965055,0
2200,0.15965055,0
2201,0.15965055,0
2202,0.15965055,0
2203,0.15965055,0
2204,0.15965055,0
2205,0.15965055,0
2206,0.15965055,0
2207,0.15965055,0
2208,0.15965055,0
2209,0.15965055,0
2210,0.15965055,0
2211,0.15965055,0
2212,0.15965055,0
2213,0.15965055,0
2214,0.15965055,0
2215,0.15965055,0
2216,0.15965055,0
2217,0.15965055,0
2218,0.15965055,0
2219,0.15965055,0
2220,0.15965055,0
2221,0.15965055,0
2222,0.15965055,0
2223,0.15965055,0
2224,0.15965055,0
2225,0.15965055,0
2226,0.15965055,0
2227,0.15965055,0
2228,0.15965055,0
2229,0.15965055,0
2230,0.15965055,0
2231,0.15965055,0
2232,0.15965055,0
2233,0.15965055,0
2234,0.15965055,0
2235,0.15965055,0
2236,0.15965055,0
2237,0.15965055,0
2238,0.15965055,0
2239,0.15965055,0
2240,0.15965055,0
2241,0.15965055,0
2242,0.15965055,0
2243,0.15965055,0
2244,0.15965055,0
2245,0.15965055,0
2246,0.15965055,0
2247,0.15965055,0
2248,0.15965055,0
2249,0.15965055,0
2250,0.15965055,0
2251,0.15965055,0
2252,0.15965055,0
2253,0.15965055,0
2254,0.15965055,0
2255,0.15965055,0
2256,0.15965055,0
2257,0.15965055,0
2258,0.15965055,0
2259,0.15965055,0
2260,0.15965055,0
2261,0.15965055,0
2262,0.15965055,0
2263,0.15965055,0
2264,0.15965055,0
2265,0.15965055,0
2266,0.15965055,0
2267,0.15965055,0
2268,0.15965055,0
2269,0.15965055,0
2270,0.15965055,0
2271,0.15965055,0
2272,0.15965055,0
2273,0.15965055,0
2274,0.15965055,0
2275,0.15965055,0
2276,0.15965055,0
2277,0.15965055,0
2278,0.15965055,0
2279,0.15965055,0
2280,0.15965055,0
2281,0.15965055,0
2282,0.15965055,0
2283,0.15965055,0
2284,0.15965055,0
2285,0.15965055,0
2286,0.15965055,0
2287,0.15965055,0
2288,0.15965055,0
2289,0.15965055,0
2290,0.15965055,0
2291,0.15965055,0
2292,0.15965055,0
2293,0.15965055,0
2294,0.15965055,0
2295,0.15965055,0
2296,0.15965055,0
2297,0.15965055,0
2298,0.15965055,0
2299,0.15965055,0
2300,0.15965055,0
2301,0.15965055,0
2302,0.15965055,0
2303,0.15965055,0
2304,0.15965055,0
2305,0.15965055,0
2306,0.15965055,0
2307,0.15965055,0
2308,0.15965055,0
2309,0.15965055,0
2310,0.15965055,0
2311,0.15965055,0
2312,0.15965055,0
2313,0.15965055,0
2314,0.15965055,0
2315,0.15965055,0
2316,0.15965055,0
2317,0.15965055,0
2318,0.15965055,0
2319,0.15965055,0
2320,0.15965055,0
2321,0.15965055,0
2322,0.15965055,0
2323,0.15965055,0
2324,0.15965055,0
2325,0.15965055,0
2326,0.15965055,0
2327,0.15965055,0
2328,0.15965055,0
2329,0.15965055,0
2330,0.15965055,0
2331,0.15965055,0
2332,0.15965055,0
2333,0.15965055,0
2334,0.15965055,0
2335,0.15965055,0
2336,0.15965055,0
2337,0.15965055,0
2338,0.15965055,0
2339,0.15965055,0
2340,0.15965055,0
2341,0.15965055,0
2342,0.15965055,0
2343,0.15965055,0
2344,0.15965055,0
2345,0.15965055,0
2346,0.15965055,0
2347,0.15965055,0
2348,0.15965055,0
2349,0.15965055,0
2350,0.15965055,0
2351,0.15965055,0
2352,0.15965055,0
2353,0.15965055,0
2354,0.15965055,0
2355,0.15965055,0
2356,0.15965055,0
2357,0.15965055,0
2358,0.15965055,0
2359,0.15965055,0
2360,0.15965055,0
2361,0.15965055,0
2362,0.15965055,0
2363,0.15965055,0
2364,0.15965055,0
2365,0.15965055,0
2366,0.15965055,0
2367,0.15965055,0
2368,0.15965055,0
2369,0.15965055,0
2370,0.15965055,0
2371,0.15965055,0
2372,0.15965055,0
2373,0.15965055,0
2374,0.15965055,0
2375,0.15965055,0
2376,0.15965055,0
2377,0.15965055,0
2378,0.15965055,0
2379,0.15965055,0
2380,0.15965055,0
2381,0.15965055,0
2382,0.15965055,0
2383,0.15965055,0
2384,0.15965055,0
2385,0.15965055,0
2386,0.15965055,0
2387,0.15965055,0
2388,0.15965055,0
2389,0.15965055,0
2390,0.15965055,0
2391,0.15965055,0
2392,0.15965055,0
2393,0.15965055,0
2394,0.15965055,0
2395,0.15965055,0
2396,0.15965055,0
2397,0.15965055,0
2398,0.15965055,0
2399,0.15965055,0
2400,0.15965055,0
2401,0.15965055,0
2402,0.15965055,0
2403,0.15965055,0
2404,0.15965055,0
2405,0.15965055,0
2406,0.15965055,0
2407,0.15965055,0
2408,0.15965055,0
2409,0.15965055,0
2410,0.15965055,0
2411,0.15965055,0
2412,0.15965055,0
2413,0.15965055,0
2414,0.15965055,0
2415,0.15965055,0
2416,0.15965055,0
2417,0.15965055,0
2418,0.15965055,0
2419,0.15965055,0
2420,0.15965055,0
2421,0.15965055,0
2422,0.15965055,0
2423,0.15965055,0
2424,0.15965055,0
2425,0.15965055,0
2426,0.15965055,0
2427,0.15965055,0
2428,0.15965055,0
2429,0.15965055,0
2430,0.15965055,0
2431,0.15965055,0
2432,0.15965055,0
2433,0.15965055,0
2434,0.15965055,0
2435,0.15965055,0
2436,0.15965055,0
2437,0.15965055,0
2438,0.15965055,0
2439,0.15965055,0
2440,0.15965055,0
2441,0.15965055,0
2442,0.15965055,0
2443,0.15965055,0
2444,0.15965055,0
2445,0.15965055,0
2446,0.15965055,0
2447,0.15965055,0
2448,0.15965055,0
2449,0.15965055,0
2450,0.15965055,0
2451,0.15965055,0
2452,0.15965055,0
2453,0.15965055,0
2454,0.15965055,0
2455,0.15965055,0
2456,0.15965055,0
2457,0.15965055,0
2458,0.15965055,0
2459,0.15965055,0
2460,0.15965055,0
2461,0.15965055,0
2462,0.15965055,0
2463,0.15965055,0
2464,0.15965055,0
2465,0.15965055,0
2466,0.15965055,0
2467,0.15965055,0
2468,0.15965055,0
2469,0.15965055,0
2470,0.15965055,0
2471,0.15965055,0
2472,0.15965055,0
2473,0.15965055,0
2474,0.15965055,0
2475,0.15965055,0
2476,0.15965055,0
2477,0.15965055,0
2478,0.15965055,0
2479,0.15965055,0
2480,0.15965055,0
2481,0.15965055,0
2482,0.15965055,0
2483,0.15965055,0
2484,0.15965055,0
2485,0.15965055,0
2486,0.15965055,0
2487,0.15965055,0
2488,0.15965055,0
2489,0.15965055,0
2490,0.15965055,0
2491,0.15965055,0
2492,0.15965055,0
2493,0.15965055,0
2494,0.15965055,0
2495,0.15965055,0
2496,0.15965055,0
2497,0.15965055,0
2498,0.15965055,0
2499,0.15965055,0
2500,0.15965055,0
2501,0.15965055,0
2502,0.15965055,0
2503,0.15965055,0
2504,0.15965055,0
2505,0.15965055,0
2506,0.15965055,0
2507,0.15965055,0
2508,0.15965055,0
2509,0.15965055,0
2510,0.15965055,0
2511,0.15965055,0
2512,0.15965055,0
2513,0.15965055,0
2514,0.15965055,0
2515,0.15965055,0
2516,0.15965055,0
2517,0.15965055,0
2518,0.15965055,0
2519,0.15965055,0
2520,0.15965055,0
2521,0.15965055,0
2522,0.15965055,0
2523,0.15965055,0
2524,0.15965055,0
2525,0.15965055,0
2526,0.15965055,0
2527,0.15965055,0
2528,0.15965055,0
2529,0.15965055,0
2530,0.15965055,0
2531,0.15965055,0
2532,0.15965055,0
2533,0.15965055,0
2534,0.15965055,0
2535,0.15965055,0
2536,0.15965055,0
2537,0.15965055,0
2538,0.15965055,0
2539,0.15965055,0
2540,0.15965055,0
2541,0.15965055,0
2542,0.15965055,0
2543,0.15965055,0
2544,0.15965055,0
2545,0.15965055,0
2546,0.15965055,0
2547,0.15965055,0
2548,0.15965055,0
2549,0.15965055,0
2550,0.15965055,0
2551,0.15965055,0
2552,0.15965055,0
2553,0.15965055,0
2554,0.15965055,0
2555,0.15965055,0
2556,0.15965055,0
2557,0.15965055,0
2558,0.15965055,0
2559,0.15965055,0
2560,0.15965055,0
2561,0.15965055,0
2562,0.15965055,0
2563,0.15965055,0
2564,0.15965055,0
2565,0.15965055,0
2566,0.15965055,0
2567,0.15965055,0
2568,0.15965055,0
2569,0.15965055,0
2570,0.15965055,0
2571,0.15965055,0
2572,0.15965055,0
2573,0.15965055,0
2574,0.15965055,0
2575,0.15965055,0
2576,0.15965055,0
2577,0.15965055,0
2578,0.15965055,0
2579,0.15965055,0
2580,0.15965055,0
2581,0.15965055,0
2582,0.15965055,0
2583,0.15965055,0
2584,0.15965055,0
2585,0.15965055,0
2586,0.15965055,0
2587,0.15965055,0
2588,0.15965055,0
2589,0.15965055,0
2590,0.15965055,0
2591,0.15965055,0
2592,0.15965055,0
2593,0.15965055,0
2594,0.15965055,0
2595,0.15965055,0
2596,0.15965055,0
2597,0.15965055,0
2598,0.15965055,0
2599,0.15965055,0
2600,0.15965055,0
2601,0.15965055,0
2602,0.15965055,0
2603,0.15965055,0
2604,0.15965055,0
2605,0.15965055,0
2606,0.15965055,0
2607,0.15965055,0
2608,0.15965055,0
2609,0.15965055,0
2610,0.15965055,0
2611,0.15965055,0
2612,0.15965055,0
2613,0.15965055,0
2614,0.15965055,0
2615,0.15965055,0
2616,0.15965055,0
2617,0.15965055,0
2618,0.15965055,0
2619,0.15965055,0
2620,0.15965055,0
2621,0.15965055,0
2622,0.15965055,0
2623,0.15965055,0
2624,0.15965055,0
2625,0.15965055,0
2626,0.15965055,0
2627,0.15965055,0
2628,0.15965055,0
2629,0.15965055,0
2630,0.15965055,1
2631,1.0,1
2632,1.0,1
2633,1.0,1
2634,0.15965055,1
2635,0.15965055,1
2636,1.0,1
2637,1.0,1
2638,1.0,1
2639,1.0,1
2640,1.0,1
2641,1.0,1
2642,1.0,1
2643,1.0,1
2644,1.0,1
2645,1.0,1
2646,1.0,1
2647,1.0,1
2648,1.0,1
2649,1.0,1
2650,1.0,1
2651,1.0,1
2652,1.0,1
2653,1.0,1
2654,1.0,1
2655,1.0,1
2656,1.0,1
2657,1.0,1
2658,1.0,1
2659,1.0,1
2660,1.0,1
2661,1.0,1
2662,1.0,1
2663,1.0,1
2664,1.0,1
2665,1.0,1
2666,1.0,1
2667,1.0,1
2668,1.0,1
2669,1.0,1
2670,1.0,1
2671,1.0,1
2672,1.0,1
2673,1.0,1
2674,1.0,1
2675,1.0,1
2676,1.0,1
2677,1.0,1
2678,1.0,1
2679,1.0,1
2680,1.0,1
2681,1.0,1
2682,1.0,1
2683,1.0,1
2684,1.0,1
2685,1.0,1
2686,1.0,1
2687,1.0,1
2688,1.0,1
2689,1.0,1
2690,1.0,1
2691,1.0,1
2692,1.0,1
2693,1.0,1
2694,1.0,1
2695,1.0,1
2696,1.0,1
2697,1.0,1
2698,1.0,1
2699,1.0,1
2700,1.0,1
2701,1.0,1
2702,1.0,1
2703,1.0,1
2704,1.0,1
2705,1.0,1
2706,1.0,1
2707,1.0,1
2708,1.0,1
2709,1.0,1
2710,1.0,1
2711,1.0,1
2712,1.0,1
2713,1.0,1
2714,1.0,1
2715,1.0,1
2716,1.0,1
2717,1.0,1
2718,1.0,1
2719,1.0,1
2720,1.0,1
2721,1.0,1
2722,1.0,1
2723,1.0,1
2724,1.0,1
2725,1.0,1
2726,1.0,1
2727,1.0,1
2728,1.0,1
2729,1.0,1
2730,1.0,1
2731,1.0,1
2732,1.0,1
2733,1.0,1
2734,1.0,1
2735,1.0,1
2736,1.0,1
2737,1.0,1
2738,1.0,1
2739,1.0,1
2740,1.0,1
2741,1.0,1
2742,1.0,1
2743,1.0,1
2744,1.0,1
2745,1.0,1
2746,1.0,1
2747,1.0,1
2748,1.0,1
2749,1.0,1
2750,1.0,1
2751,1.0,1
2752,1.0,1
2753,1.0,1
2754,1.0,1
2755,1.0,1
2756,1.0,1
2757,1.0,1
2758,1.0,1
2759,1.0,1
2760,1.0,1
2761,1.0,1
2762,1.0,1
2763,1.0,1
2764,1.0,1
2765,1.0,1
2766,1.0,1
2767,1.0,1
2768,1.0,1
2769,1.0,1
2770,1.0,1
2771,1.0,1
2772,1.0,1
2773,1.0,1
2774,1.0,1
2775,1.0,1
2776,1.0,1
2777,1.0,1
2778,1.0,1
2779,1.0,1
2780,1.0,1
2781,1.0,1
2782,1.0,1
2783,1.0,1
2784,1.0,1
2785,1.0,1
2786,1.0,1
2787,1.0,1
2788,1.0,1
2789,1.0,1
2790,1.0,1
2791,1.0,1
2792,1.0,1
2793,1.0,1
2794,1.0,1
2795,1.0,1
2796,1.0,1
2797,1.0,1
2798,1.0,1
2799,1.0,1
2800,1.0,1
2801,1.0,1
2802,1.0,1
2803,1.0,1
2804,1.0,1
2805,1.0,1
2806,1.0,1
2807,1.0,1
2808,1.0,1
2809,1.0,1
2810,1.0,1
2811,1.0,1
2812,1.0,1
2813,1.0,1
2814,1.0,1
2815,1.0,1
2816,1.0,1
2817,1.0,1
2818,1.0,1
2819,1.0,1
2820,1.0,1
2821,1.0,1
2822,1.0,1
2823,1.0,1
2824,1.0,1
2825,1.0,1
2826,1.0,1
2827,1.0,1
2828,1.0,1
2829,1.0,1
2830,1.0,1
2831,1.0,1
2832,1.0,1
2833,1.0,1
2834,1.0,1
2835,1.0,1
2836,1.0,1
2837,1.0,1
2838,1.0,1
2839,1.0,1
2840,1.0,1
2841,1.0,1
2842,1.0,1
2843,1.0,1
2844,1.0,1
2845,1.0,1
2846,1.0,1
2847,1.0,1
2848,1.0,1
2849,1.0,1
2850,1.0,1
2851,1.0,1
2852,1.0,1
2853,1.0,1
2854,1.0,1
2855,1.0,1
2856,1.0,1
2857,1.0,1
2858,1.0,1
2859,1.0,1
2860,1.0,1
2861,1.0,1
2862,1.0,1
2863,1.0,1
2864,1.0,1
2865,1.0,1
2866,1.0,1
2867,1.0,1
2868,1.0,1
2869,1.0,1
2870,1.0,1
2871,1.0,1
2872,1.0,1
2873,1.0,1
2874,1.0,1
2875,1.0,1
2876,1.0,1
2877,1.0,1
2878,1.0,1
2879,1.0,1
2880,1.0,1
2881,1.0,1
2882,1.0,1
2883,1.0,1
2884,1.0,1
2885,1.0,1
2886,1.0,1
2887,1.0,1
2888,1.0,1
2889,1.0,1
2890,1.0,1
2891,1.0,1
2892,1.0,1
2893,1.0,1
2894,0.15965055,1
2895,0.15965055,1
2896,0.15965055,1
2897,0.15965055,1
2898,0.15965055,1
2899,0.15965055,1
2900,0.15965055,1
2901,0.15965055,1
2902,0.15965055,1
2903,0.15965055,1
2904,0.15965055,1
2905,0.15965055,1
2906,0.15965055,1
2907,0.15965055,1
2908,0.15965055,1
2909,0.15965055,1
2910,0.15965055,1
2911,0.15965055,1
2912,0.15965055,1
2913,0.15965055,1
2914,0.15965055,1
2915,0.15965055,1
2916,0.15965055,1
2917,0.15965055,1
2918,0.15965055,1
2919,0.15965055,1
2920,0.15965055,1
2921,0.15965055,1
2922,1.0,1
2923,1.0,1
2924,1.0,1
2925,1.0,1
2926,1.0,1
2927,1.0,1
2928,1.0,1
2929,1.0,1
2930,1.0,1
2931,1.0,1
2932,1.0,1
2933,1.0,1
2934,1.0,1
2935,1.0,1
2936,1.0,1
2937,1.0,1
2938,1.0,1
2939,1.0,1
2940,1.0,1
2941,1.0,1
2942,1.0,1
2943,1.0,1
2944,1.0,1
2945,1.0,1
2946,1.0,1
2947,1.0,1
2948,1.0,1
2949,1.0,1
2950,1.0,1
2951,1.0,1
2952,1.0,1
2953,1.0,1
2954,1.0,1
2955,1.0,1
2956,1.0,1
2957,1.0,1
2958,1.0,1
2959,1.0,1
2960,1.0,1
2961,1.0,1
2962,1.0,1
2963,1.0,1
2964,1.0,1
2965,1.0,1
2966,1.0,1
2967,1.0,1
2968,1.0,1
2969,1.0,1
2970,1.0,1
2971,1.0,1
2972,1.0,1
2973,1.0,1
2974,1.0,1
2975,1.0,1
2976,1.0,1
2977,1.0,1
2978,1.0,1
2979,1.0,1
2980,1.0,1
2981,1.0,1
2982,1.0,1
2983,1.0,1
2984,1.0,1
2985,1.0,1
2986,1.0,1
2987,1.0,1
2988,1.0,1
2989,1.0,1
2990,1.0,1
2991,1.0,1
2992,1.0,1
2993,1.0,1
2994,1.0,1
2995,1.0,1
2996,1.0,1
2997,1.0,1
2998,1.0,1
2999,1.0,1
3000,1.0,1
3001,1.0,1
3002,1.0,1
3003,1.0,1
3004,1.0,1
3005,1.0,1
3006,1.0,1
3007,1.0,1
3008,1.0,1
3009,1.0,1
3010,1.0,1
3011,1.0,1
3012,1.0,1
3013,1.0,1
3014,1.0,1
3015,1.0,1
3016,1.0,1
3017,1.0,1
3018,1.0,1
3019,1.0,1
3020,1.0,1
3021,1.0,1
3022,1.0,1
3023,1.0,1
3024,1.0,1
3025,1.0,1
3026,1.0,1
3027,1.0,1
3028,1.0,1
3029,1.0,1
3030,1.0,1
3031,1.0,1
3032,1.0,1
3033,1.0,1
3034,1.0,1
3035,1.0,1
3036,1.0,1
3037,1.0,1
3038,1.0,1
3039,1.0,1
3040,1.0,1
3041,1.0,1
3042,1.0,1
3043,1.0,1
3044,1.0,1
3045,1.0,1
3046,1.0,1
3047,1.0,1
3048,1.0,1
3049,1.0,1
3050,1.0,1
3051,1.0,1
3052,1.0,1
3053,1.0,1
3054,1.0,1
3055,1.0,1
3056,1.0,1
3057,1.0,1
3058,1.0,1
3059,1.0,1
3060,1.0,1
3061,1.0,1
3062,1.0,1
3063,1.0,1
3064,1.0,1
3065,1.0,1
3066,1.0,1
3067,1.0,1
3068,1.0,1
3069,1.0,1
3070,1.0,1
3071,1.0,1
3072,1.0,1
3073,1.0,1
3074,1.0,1
3075,1.0,1
3076,1.0,1
3077,1.0,1
3078,1.0,1
3079,1.0,1
3080,1.0,1
3081,1.0,1
3082,1.0,1
3083,1.0,1
3084,1.0,1
3085,1.0,1
3086,1.0,1
3087,1.0,1
3088,1.0,1
3089,1.0,1
3090,1.0,1
3091,1.0,1
3092,1.0,1
3093,1.0,1
3094,1.0,1
3095,1.0,1
3096,1.0,1
3097,1.0,1
3098,1.0,1
3099,1.0,1
3100,1.0,1
3101,1.0,1
3102,1.0,1
3103,1.0,1
3104,1.0,1
3105,1.0,1
3106,1.0,1
3107,1.0,1
3108,1.0,1
3109,1.0,1
3110,1.0,1
3111,1.0,1
3112,1.0,1
3113,1.0,1
3114,1.0,1
3115,1.0,1
3116,1.0,1
3117,1.0,1
3118,1.0,1
3119,1.0,1
3120,1.0,1
3121,1.0,1
3122,1.0,1
3123,1.0,1
3124,1.0,1
3125,1.0,1
3126,1.0,1
3127,1.0,1
3128,1.0,1
3129,1.0,1
3130,1.0,1
3131,1.0,1
3132,1.0,1
3133,1.0,1
3134,1.0,1
3135,1.0,1
3136,1.0,1
3137,1.0,1
3138,1.0,1
3139,1.0,1
3140,1.0,1
3141,1.0,1
3142,1.0,1
3143,1.0,1
3144,1.0,1
3145,1.0,1
3146,1.0,1
3147,1.0,1
3148,1.0,1
3149,1.0,1
3150,1.0,1
3151,1.0,1
3152,1.0,1
3153,1.0,1
3154,1.0,1
3155,1.0,1
3156,1.0,1
3157,1.0,1
3158,1.0,1
3159,1.0,1
3160,1.0,1
3161,1.0,1
3162,1.0,1
3163,1.0,1
3164,1.0,1
3165,1.0,1
3166,1.0,1
3167,1.0,1
3168,1.0,1
3169,1.0,1
3170,1.0,1
3171,1.0,1
3172,1.0,1
3173,1.0,1
3174,1.0,1
3175,1.0,1
3176,1.0,1
3177,1.0,1
3178,1.0,1
3179,1.0,1
3180,1.0,1
3181,1.0,1
3182,1.0,1
3183,1.0,1
3184,1.0,1
3185,1.0,1
3186,1.0,1
3187,1.0,1
3188,1.0,1
3189,1.0,1
3190,1.0,1
3191,1.0,1
3192,1.0,1
3193,1.0,1
3194,1.0,1
3195,1.0,1
3196,1.0,1
3197,1.0,1
3198,0.15965055,1
3199,0.15965055,0
3200,0.15965055,0
3201,0.15965055,0
3202,0.15965055,0
3203,0.15965055,0
3204,0.15965055,0
3205,0.15965055,0
3206,0.15965055,0
3207,0.15965055,0
3208,0.15965055,0
3209,0.15965055,0
3210,0.15965055,0
3211,0.15965055,0
3212,0.15965055,0
3213,0.15965055,0
3214,0.15965055,0
3215,0.15965055,0
3216,0.15965055,0
3217,0.15965055,0
3218,0.15965055,0
3219,0.15965055,0
3220,0.15965055,0
3221,0.15965055,0
3222,0.15965055,0
3223,0.15965055,0
3224,0.15965055,0
3225,0.15965055,0
3226,0.15965055,0
3227,0.15965055,0
3228,0.15965055,0
3229,0.15965055,0
3230,0.15965055,0
3231,0.15965055,0
3232,0.15965055,0
3233,0.15965055,0
3234,0.15965055,0
3235,0.15965055,0
3236,0.15965055,0
3237,0.15965055,0
3238,0.15965055,0
3239,0.15965055,0
3240,0.15965055,0
3241,0.15965055,0
3242,0.15965055,0
3243,0.15965055,0
3244,0.15965055,0
3245,0.15965055,0
3246,0.15965055,0
3247,0.15965055,0
3248,0.15965055,0
3249,0.15965055,0
3250,0.15965055,0
3251,0.15965055,0
3252,0.15965055,0
3253,0.15965055,0
3254,0.15965055,0
3255,0.15965055,0
3256,0.15965055,0
3257,0.15965055,0
3258,0.15965055,0
3259,0.15965055,0
3260,0.15965055,0
3261,0.15965055,0
3262,0.15965055,0
3263,0.15965055,0
3264,0.15965055,0
3265,0.15965055,0
3266,0.15965055,0
3267,0.15965055,0
3268,0.15965055,0
3269,0.15965055,0
3270,0.15965055,0
3271,0.15965055,0
3272,0.15965055,0
3273,0.15965055,0
3274,0.15965055,0
3275,0.15965055,0
3276,0.15965055,0
3277,0.15965055,0
3278,0.15965055,0
3279,0.15965055,0
3280,0.15965055,0
3281,0.15965055,0
3282,0.15965055,0
3283,0.15965055,0
3284,0.15965055,0
3285,0.15965055,0
3286,0.15965055,0
3287,0.15965055,0
3288,0.15965055,0
3289,0.15965055,0
3290,0.15965055,0
3291,0.15965055,0
3292,0.15965055,0
3293,0.15965055,0
3294,0.15965055,0
3295,0.15965055,0
3296,0.15965055,0
3297,0.15965055,0
3298,0.15965055,0
3299,0.15965055,0
3300,0.15965055,0
3301,0.15965055,0
3302,0.15965055,0
3303,0.15965055,0
3304,0.15965055,0
3305,0.15965055,0
3306,0.15965055,0
3307,0.15965055,0
3308,0.15965055,0
3309,0.15965055,0
3310,0.15965055,0
3311,0.15965055,0
3312,0.15965055,0
3313,0.15965055,0
3314,0.15965055,0
3315,0.15965055,0
3316,0.15965055,0
3317,0.15965055,0
3318,0.15965055,0
3319,0.15965055,0
3320,0.15965055,0
3321,0.15965055,0
3322,0.15965055,0
3323,0.15965055,0
3324,0.15965055,0
3325,0.15965055,0
3326,0.15965055,0
3327,0.15965055,0
3328,0.15965055,0
3329,0.15965055,0
3330,0.15965055,0
3331,0.15965055,0
3332,0.15965055,0
3333,0.15965055,0
3334,0.15965055,0
3335,0.15965055,0
3336,0.15965055,0
3337,0.15965055,0
3338,0.15965055,0
3339,0.15965055,0
3340,0.15965055,0
3341,0.15965055,0
3342,0.15965055,0
3343,0.15965055,0
3344,0.15965055,0
3345,0.15965055,0
3346,0.15965055,0
3347,0.15965055,0
3348,0.15965055,0
3349,0.15965055,0
3350,0.15965055,0
3351,0.15965055,0
3352,0.15965055,0
3353,0.15965055,0
3354,0.15965055,0
3355,0.15965055,0
3356,0.15965055,0
3357,0.15965055,0
3358,0.15965055,0
3359,0.15965055,0
3360,0.15965055,0
3361,0.15965055,0
3362,0.15965055,0
3363,0.15965055,0
3364,0.15965055,0
3365,0.15965055,0
3366,0.15965055,0
3367,0.15965055,0
3368,0.15965055,0
3369,0.15965055,0
3370,0.15965055,0
3371,0.15965055,0
3372,0.15965055,0
3373,0.15965055,0
3374,0.15965055,0
3375,0.15965055,0
3376,0.15965055,0
3377,0.15965055,0
3378,0.15965055,0
3379,0.15965055,0
3380,0.15965055,0
3381,0.15965055,0
3382,0.15965055,0
3383,0.15965055,0
3384,0.15965055,0
3385,0.15965055,0
3386,0.15965055,0
3387,0.15965055,0
3388,0.15965055,0
3389,0.15965055,0
3390,0.15965055,0
3391,0.15965055,0
3392,0.15965055,0
3393,0.15965055,0
3394,0.15965055,0
3395,0.15965055,0
3396,0.15965055,0
3397,0.15965055,0
3398,0.15965055,0
3399,0.15965055,0
3400,0.15965055,0
3401,0.15965055,0
3402,0.15965055,0
3403,0.15965055,0
3404,0.15965055,0
3405,0.15965055,0
3406,0.15965055,0
3407,0.15965055,0
3408,0.15965055,0
3409,0.15965055,0
3410,0.15965055,0
3411,0.15965055,0
3412,0.15965055,0
3413,0.15965055,0
3414,0.15965055,0
3415,0.15965055,0
3416,0.15965055,0
3417,0.15965055,0
3418,0.15965055,0
3419,0.15965055,0
3420,0.15965055,0
3421,0.15965055,0
3422,0.15965055,0
3423,0.15965055,0
3424,0.15965055,0
3425,0.15965055,0
3426,0.15965055,0
3427,0.15965055,0
3428,0.15965055,0
3429,0.15965055,0
3430,0.15965055,0
3431,0.15965055,0
3432,0.15965055,0
3433,0.15965055,0
3434,0.15965055,0
3435,0.15965055,0
3436,0.15965055,0
3437,0.15965055,0
3438,0.15965055,0
3439,0.15965055,0
3440,0.15965055,0
3441,0.15965055,0
3442,0.15965055,0
3443,0.15965055,0
3444,0.15965055,0
3445,0.15965055,0
3446,0.15965055,0
3447,0.15965055,0
3448,0.15965055,0
3449,0.15965055,0
3450,0.15965055,0
3451,0.15965055,0
3452,0.15965055,0
3453,0.15965055,0
3454,0.15965055,0
3455,0.15965055,0
3456,0.15965055,0
3457,0.15965055,0
3458,0.15965055,0
3459,0.15965055,0
3460,0.15965055,0
3461,0.15965055,0
3462,0.15965055,0
3463,0.15965055,0
3464,0.15965055,0
3465,0.15965055,0
3466,0.15965055,0
3467,0.15965055,0
3468,0.15965055,0
3469,0.15965055,0
3470,0.15965055,0
3471,0.15965055,0
3472,0.15965055,0
3473,0.15965055,0
3474,0.15965055,0
3475,0.15965055,0
3476,0.15965055,0
3477,0.15965055,0
3478,0.15965055,0
3479,0.15965055,0
3480,0.15965055,0
3481,0.15965055,0
3482,0.15965055,0
3483,0.15965055,0
3484,0.15965055,0
3485,0.15965055,0
3486,0.15965055,0
3487,0.15965055,0
3488,0.15965055,0
3489,0.15965055,0
3490,0.15965055,0
3491,0.15965055,0
3492,0.15965055,0
3493,0.15965055,0
3494,0.15965055,0
3495,0.15965055,0
3496,0.15965055,0
3497,0.15965055,0
3498,0.15965055,0
3499,0.15965055,0
3500,0.15965055,0
3501,0.15965055,0
3502,0.15965055,0
3503,0.15965055,0
3504,0.15965055,0
3505,0.15965055,0
3506,0.15965055,0
3507,0.15965055,0
3508,0.15965055,0
3509,0.15965055,0
3510,0.15965055,0
3511,0.15965055,0
3512,0.15965055,0
3513,0.15965055,0
3514,0.15965055,0
3515,0.15965055,0
3516,0.15965055,0
3517,0.15965055,0
3518,0.15965055,0
3519,0.15965055,0
3520,0.15965055,0
3521,0.15965055,0
3522,0.15965055,0
3523,0.15965055,0
3524,0.15965055,0
3525,0.15965055,0
3526,0.15965055,0
3527,0.15965055,0
3528,0.15965055,0
3529,0.15965055,0
3530,0.15965055,0
3531,0.15965055,0
3532,0.15965055,0
3533,0.15965055,0
3534,0.15965055,0
3535,0.15965055,0
3536,0.15965055,0
3537,0.15965055,0
3538,0.15965055,0
3539,0.15965055,0
3540,0.15965055,0
3541,0.15965055,0
3542,0.15965055,0
3543,0.15965055,0
3544,0.15965055,0
3545,0.15965055,0
3546,0.15965055,0
3547,0.15965055,0
3548,0.15965055,0
3549,0.15965055,0
3550,0.15965055,0
3551,0.15965055,0
3552,0.15965055,0
3553,0.15965055,0
3554,0.15965055,0
3555,0.15965055,0
3556,0.15965055,0
3557,0.15965055,0
3558,0.15965055,0
3559,0.15965055,0
3560,0.15965055,0
3561,0.15965055,0
3562,0.15965055,0
3563,0.15965055,0
3564,0.15965055,0
3565,0.15965055,0
3566,0.15965055,0
3567,0.15965055,0
3568,0.15965055,0
3569,0.15965055,0
3570,0.15965055,0
3571,0.15965055,0
3572,0.15965055,0
3573,0.15965055,0
3574,0.15965055,0
3575,0.15965055,0
3576,0.15965055,0
3577,0.15965055,0
3578,0.15965055,0
3579,0.15965055,0
3580,0.15965055,0
3581,0.15965055,0
3582,0.15965055,0
3583,0.15965055,0
3584,0.15965055,0
3585,0.15965055,0
3586,0.15965055,0
3587,0.15965055,0
3588,0.15965055,0
3589,0.15965055,0
3590,0.15965055,0
3591,0.15965055,0
3592,0.15965055,0
3593,0.15965055,0
3594,0.15965055,0
3595,0.15965055,0
3596,0.15965055,0
3597,0.15965055,0
3598,0.15965055,0
3599,0.15965055,0
3600,0.15965055,0
3601,0.15965055,0
3602,0.15965055,0
3603,0.15965055,0
3604,0.15965055,0
3605,0.15965055,0
3606,0.15965055,0
3607,0.15965055,0
3608,0.15965055,0
3609,0.15965055,0
3610,0.15965055,0
3611,0.15965055,0
3612,0.15965055,0
3613,0.15965055,0
3614,0.15965055,0
3615,0.15965055,0
3616,0.15965055,0
3617,0.15965055,0
3618,0.15965055,0
3619,0.15965055,0
3620,0.15965055,0
3621,0.15965055,0
3622,0.15965055,0
3623,0.15965055,0
3624,0.15965055,0
3625,0.15965055,0
3626,0.15965055,0
3627,0.15965055,0
3628,0.15965055,0
3629,0.15965055,0
3630,0.15965055,0
3631,0.15965055,0
3632,0.15965055,0
3633,0.15965055,0
3634,0.15965055,0
3635,0.15965055,0
3636,0.15965055,0
3637,0.15965055,0
3638,0.15965055,0
3639,0.15965055,0
3640,0.15965055,0
3641,0.15965055,0
3642,0.15965055,0
3643,0.15965055,0
3644,0.15965055,0
3645,0.15965055,0
3646,0.15965055,0
3647,0.15965055,0
3648,0.15965055,0
3649,0.15965055,0
3650,0.15965055,0
3651,0.15965055,0
3652,0.15965055,0
3653,0.15965055,0
3654,0.15965055,0
3655,0.15965055,0
3656,0.15965055,0
3657,0.15965055,0
3658,0.15965055,0
3659,0.15965055,0
3660,0.15965055,0
3661,0.15965055,0
3662,0.15965055,0
3663,0.15965055,0
3664,0.15965055,0
3665,0.15965055,0
3666,0.15965055,0
3667,0.15965055,0
3668,0.15965055,0
3669,0.15965055,0
3670,0.15965055,0
3671,0.15965055,0
3672,0.15965055,0
3673,0.15965055,0
3674,0.15965055,0
3675,0.15965055,0
3676,0.15965055,0
3677,0.15965055,0
3678,0.15965055,0
3679,0.15965055,0
3680,0.15965055,0
3681,0.15965055,0
3682,0.15965055,0
3683,0.15965055,0
3684,0.15965055,0
3685,0.15965055,0
3686,0.15965055,0
3687,0.15965055,0
3688,0.15965055,0
3689,0.15965055,0
3690,0.15965055,0
3691,0.15965055,0
3692,0.15965055,0
3693,0.15965055,0
3694,0.15965055,0
3695,0.15965055,0
3696,0.15965055,0
3697,0.15965055,0
3698,0.15965055,0
3699,0.15965055,0
3700,0.15965055,0
3701,0.15965055,0
3702,0.15965055,0
3703,0.15965055,0
3704,0.15965055,0
3705,0.15965055,0
3706,0.15965055,0
3707,0.15965055,0
3708,0.15965055,0
3709,0.15965055,0
3710,0.15965055,0
3711,0.15965055,0
3712,0.15965055,0
3713,0.15965055,0
3714,0.15965055,0
3715,0.15965055,0
3716,0.15965055,0
3717,0.15965055,0
3718,0.15965055,0
3719,0.15965055,0
3720,0.15965055,0
3721,0.15965055,0
3722,0.15965055,0
3723,0.15965055,0
3724,0.15965055,0
3725,0.15965055,0
3726,0.15965055,0
3727,0.15965055,0
3728,0.15965055,0
3729,0.15965055,0
3730,0.15965055,0
3731,0.15965055,0
3732,0.15965055,0
3733,0.15965055,0
3734,0.15965055,0
3735,0.15965055,0
3736,0.15965055,0
3737,0.15965055,0
3738,0.15965055,0
3739,0.15965055,0
3740,0.15965055,0
3741,0.15965055,0
3742,0.15965055,0
3743,0.15965055,0
3744,0.15965055,0
3745,0.15965055,0
3746,0.15965055,0
3747,0.15965055,0
3748,0.15965055,0
3749,0.15965055,0
3750,0.15965055,0
3751,0.15965055,0
3752,0.15965055,0
3753,0.15965055,0
3754,0.15965055,0
3755,0.15965055,0
3756,0.15965055,0
3757,0.15965055,0
3758,0.15965055,0
3759,0.15965055,0
3760,0.15965055,0
3761,0.15965055,0
3762,0.15965055,0
3763,0.15965055,0
3764,0.15965055,0
3765,0.15965055,0
3766,0.15965055,0
3767,0.15965055,0
3768,0.15965055,0
3769,0.15965055,0
3770,0.15965055,0
3771,0.15965055,0
3772,0.15965055,0
3773,0.15965055,0
3774,0.15965055,0
3775,0.15965055,0
3776,0.15965055,0
3777,0.15965055,0
3778,0.15965055,0
3779,0.15965055,0
3780,0.15965055,0
3781,0.15965055,0
3782,0.15965055,0
3783,0.15965055,0
3784,0.15965055,0
3785,0.15965055,0
3786,0.15965055,0
3787,0.15965055,0
3788,0.15965055,0
3789,0.15965055,0
3790,0.15965055,0
3791,0.15965055,0
3792,0.15965055,0
3793,0.15965055,0
3794,0.15965055,0
3795,0.15965055,0
3796,0.15965055,0
3797,0.15965055,0
3798,0.15965055,0
3799,0.15965055,0
3800,0.15965055,0
3801,0.15965055,0
3802,0.15965055,0
3803,0.15965055,0
3804,0.15965055,0
3805,0.15965055,0
3806,0.15965055,0
3807,0.15965055,0
3808,0.15965055,0
3809,0.15965055,0
3810,0.15965055,0
3811,0.15965055,0
3812,0.15965055,0
3813,0.15965055,0
3814,0.15965055,0
3815,0.15965055,0
3816,0.15965055,0
3817,0.15965055,0
3818,0.15965055,0
3819,0.15965055,0
3820,0.15965055,0
3821,0.15965055,0
3822,0.15965055,0
3823,0.15965055,0
3824,0.15965055,0
3825,0.15965055,0
3826,0.15965055,0
3827,0.15965055,0
3828,0.15965055,0
3829,0.15965055,0
3830,0.15965055,0
3831,0.15965055,0
3832,0.15965055,0
3833,0.15965055,0
3834,0.15965055,0
3835,0.15965055,0
3836,0.15965055,0
3837,0.15965055,0
3838,0.15965055,0
3839,0.15965055,0
3840,0.15965055,0
3841,0.15965055,0
3842,0.15965055,0
3843,0.15965055,0
3844,0.15965055,0
3845,0.15965055,0
3846,0.15965055,0
3847,0.15965055,0
3848,0.15965055,0
3849,0.15965055,0
3850,0.15965055,0
3851,0.15965055,0
3852,0.15965055,0
3853,0.15965055,0
3854,0.15965055,0
3855,0.15965055,0
3856,0.15965055,0
3857,0.15965055,0
3858,0.15965055,0
3859,0.15965055,0
3860,0.15965055,0
3861,0.15965055,0
3862,0.15965055,0
3863,0.15965055,0
3864,0.15965055,0
3865,0.15965055,0
3866,0.15965055,0
3867,0.15965055,0
3868,0.15965055,0
3869,0.15965055,0
3870,0.15965055,0
3871,0.15965055,0
3872,0.15965055,0
3873,0.15965055,0
3874,0.15965055,0
3875,0.15965055,0
3876,0.15965055,0
3877,0.15965055,0
3878,0.15965055,0
3879,0.15965055,0
3880,0.15965055,0
3881,0.15965055,0
3882,0.15965055,0
3883,0.15965055,0
3884,0.15965055,0
3885,0.15965055,0
3886,0.15965055,0
3887,0.15965055,0
3888,0.15965055,0
3889,0.15965055,0
3890,0.15965055,0
3891,0.15965055,0
3892,0.15965055,0
3893,0.15965055,0
3894,0.15965055,0
3895,0.15965055,0
3896,0.15965055,0
3897,0.15965055,0
3898,0.15965055,0
3899,0.15965055,0
3900,0.15965055,0
3901,0.15965055,0
3902,0.15965055,0
3903,0.15965055,0
3904,0.15965055,0
3905,0.15965055,0
3906,0.15965055,0
3907,0.15965055,0
3908,0.15965055,0
3909,0.15965055,0
3910,0.15965055,0
3911,0.15965055,0
3912,0.15965055,0
3913,0.15965055,0
3914,0.15965055,0
3915,0.15965055,0
3916,0.15965055,0
3917,0.15965055,0
3918,0.15965055,0
3919,0.15965055,0
3920,0.15965055,0
3921,0.15965055,0
3922,0.15965055,0
3923,0.15965055,0
3924,0.15965055,0
3925,0.15965055,0
3926,0.15965055,0
3927,0.15965055,0
3928,0.15965055,0
3929,0.15965055,0
3930,0.15965055,0
3931,0.15965055,0
3932,0.15965055,0
3933,0.15965055,0
3934,0.15965055,0
3935,0.15965055,0
3936,0.15965055,0
3937,0.15965055,0
3938,0.15965055,0
3939,0.15965055,0
3940,0.15965055,0
3941,0.15965055,0
3942,0.15965055,0
3943,0.15965055,0
3944,0.15965055,0
3945,0.15965055,0
3946,0.15965055,0
3947,0.15965055,0
3948,0.15965055,0
3949,0.15965055,0
3950,0.15965055,0
3951,0.15965055,0
3952,0.15965055,0
3953,0.15965055,0
3954,0.15965055,0
3955,0.15965055,0
3956,0.15965055,0
3957,0.15965055,0
3958,0.15965055,0
3959,0.15965055,0
3960,0.15965055,0
3961,0.15965055,0
3962,0.15965055,0
3963,0.15965055,0
3964,0.15965055,0
3965,0.15965055,0
3966,0.15965055,0
3967,0.15965055,0
3968,0.15965055,0
3969,0.15965055,0
3970,0.15965055,0
3971,0.15965055,0
3972,0.15965055,0
3973,0.15965055,0
3974,0.15965055,0
3975,0.15965055,0
3976,0.15965055,0
3977,0.15965055,0
3978,0.15965055,0
3979,0.15965055,0
3980,0.15965055,0
3981,0.15965055,0
3982,0.15965055,0
3983,0.15965055,0
3984,0.15965055,0
3985,0.15965055,0
3986,0.15965055,0
3987,0.15965055,0
3988,0.15965055,0
3989,0.15965055,0
3990,0.15965055,0
3991,0.15965055,0
3992,0.15965055,0
3993,0.15965055,0
3994,0.15965055,0
3995,0.15965055,0
3996,0.15965055,0
3997,0.15965055,0
3998,0.15965055,0
3999,0.15965055,0
4000,0.15965055,0
4001,0.15965055,0
4002,0.15965055,0
4003,0.15965055,0
4004,0.15965055,0
4005,0.15965055,0
4006,0.15965055,0
4007,0.15965055,0
4008,0.15965055,0
4009,0.15965055,0
4010,0.15965055,0
4011,0.15965055,0
4012,0.15965055,0
4013,0.15965055,0
4014,0.15965055,0
4015,0.15965055,0
4016,0.15965055,0
4017,0.15965055,0
4018,0.15965055,0
4019,0.15965055,0
4020,0.15965055,0
4021,0.15965055,0
4022,0.15965055,0
4023,0.15965055,0
4024,0.15965055,0
4025,0.15965055,0
4026,0.15965055,0
4027,0.15965055,0
4028,0.15965055,0
4029,0.15965055,0
4030,0.15965055,0
4031,0.15965055,0
4032,0.15965055,0
4033,0.15965055,0
4034,0.15965055,0
4035,0.15965055,0
4036,0.15965055,0
4037,0.15965055,0
4038,0.15965055,0
4039,0.15965055,0
4040,0.15965055,0
4041,0.15965055,0
4042,0.15965055,0
4043,0.15965055,0
4044,0.15965055,0
4045,0.15965055,0
4046,0.15965055,1
4047,0.15965055,1
4048,0.15965055,1
4049,0.15965055,1
4050,0.15965055,1
4051,0.15965055,1
4052,0.15965055,1
4053,0.15965055,1
4054,0.15965055,1
4055,0.15965055,1
4056,0.15965055,1
4057,0.15965055,1
4058,0.15965055,1
4059,0.15965055,1
4060,0.15965055,1
4061,0.15965055,1
4062,0.15965055,1
4063,0.15965055,1
4064,0.15965055,1
4065,0.15965055,1
4066,0.15965055,1
4067,0.15965055,1
4068,0.15965055,1
4069,0.15965055,1
4070,0.15965055,1
4071,0.15965055,1
4072,0.15965055,1
4073,0.15965055,1
4074,0.15965055,1
4075,0.15965055,1
4076,0.15965055,1
4077,0.15965055,1
4078,0.15965055,1
4079,0.15965055,1
4080,0.15965055,1
4081,0.15965055,1
4082,0.15965055,1
4083,0.15965055,1
4084,0.15965055,1
4085,0.15965055,1
4086,0.15965055,1
4087,0.15965055,1
4088,0.15965055,1
4089,0.15965055,1
4090,0.15965055,1
4091,0.15965055,1
4092,0.15965055,1
4093,0.15965055,1
4094,0.15965055,1
4095,0.15965055,1
4096,0.15965055,1
4097,0.15965055,1
4098,0.15965055,1
4099,0.15965055,1
4100,0.15965055,1
4101,0.15965055,1
4102,0.15965055,1
4103,1.0,1
4104,1.0,1
4105,1.0,1
4106,1.0,1
4107,1.0,1
4108,1.0,1
4109,1.0,1
4110,1.0,1
4111,1.0,1
